field,dimension,sentence,time_text,t0,t1,topic,expected,quote,approach,key,clip_duration,verdict
improvements.issue_en,answer_quality,"Frequent filler pauses (e.g., 'um', 'er', 'you know') slow down the pacing at moments like 00:10 and 00:45.",00:10,10.0,10.0,filler,,,mllm,pilot_02,115.27,unsupported
improvements.issue_en,answer_quality,"Frequent filler pauses (e.g., 'um', 'er', 'you know') slow down the pacing at moments like 00:10 and 00:45.",00:45,45.0,45.0,filler,,,mllm,pilot_02,115.27,unsupported
improvements.issue_en,eye_contact,"Occasional blinking and looking upward while thinking (e.g., around 01:18) briefly breaks connection with the interviewer.",around 01:18,78.0,78.0,gaze,looking_away,,mllm,pilot_02,115.27,supported
improvements.issue_en,eye_contact,"You frequently look down away from the camera lens while speaking, especially between 0:06 and 0:55, which suggests reading notes.",0:06,6.0,6.0,gaze,looking_away,,mllm,pilot_03,85.87,supported
improvements.issue_en,eye_contact,"You frequently look down away from the camera lens while speaking, especially between 0:06 and 0:55, which suggests reading notes.",0:55,55.0,55.0,gaze,looking_away,,mllm,pilot_03,85.87,supported
improvements.issue_en,hand_gesture,"Frequent nervous self-touching, such as touching your cheek at 7.0s and scratching your hair at 53.0s, distracts the interviewer.",at 7.0s,7.0,7.0,head,,,mllm,pilot_05,150.03,supported
improvements.issue_en,hand_gesture,"Frequent nervous self-touching, such as touching your cheek at 7.0s and scratching your hair at 53.0s, distracts the interviewer.",at 53.0s,53.0,53.0,head,,,mllm,pilot_05,150.03,supported
improvements.issue_en,eye_contact,"Eye contact drifts away to the side when thinking, such as at 31.0s and 142.0s.",at 31.0s,31.0,31.0,gaze,looking_away,,mllm,pilot_05,150.03,supported
improvements.issue_en,eye_contact,"You frequently look away from the camera lens while speaking, especially around 22.0s to 25.7s and 78.1s to 82.7s.",around 22.0s,22.0,22.0,gaze,looking_away,,hybrid,pilot_01,133.23,supported
improvements.issue_en,eye_contact,"Frequent gaze wandering away from the camera, such as between 4.5s-7.6s and 81.6s-84.9s, which can lessen perceived confidence.",between 4.5s-7.6s,4.5,7.6,gaze,looking_away,,hybrid,pilot_02,115.27,supported
improvements.issue_en,head_pose,"The camera position was below eye level throughout the video (0.0s-115.3s), making your head look continuously tilted upward.",(0.0s-115.3s),0.0,115.3,head,turned_up,,hybrid,pilot_02,115.27,supported
improvements.issue_en,hand_gesture,Your hands remained completely hidden below the frame for the entire duration (0.0s-115.3s).,(0.0s-115.3s),0.0,115.3,hand,hands_hidden,,hybrid,pilot_02,115.27,supported
improvements.issue_en,eye_contact,You looked away down from the camera continuously from around 4.6s to 75.2s while reading or recalling your text.,around 4.6s,4.6,4.6,gaze,looking_away,,hybrid,pilot_03,85.87,supported
improvements.issue_en,eye_contact,Frequent gaze breaks and continuous looking away towards the end from 41.1s to 56.4s.,from 41.1s to 56.4s,41.1,56.4,gaze,looking_away,,hybrid,pilot_04,56.4,supported
improvements.issue_en,hand_gesture,Hands remained off-camera and hidden throughout the entire response from 0.0s to 56.4s.,from 0.0s to 56.4s,0.0,56.4,gaze,looking_away,,hybrid,pilot_04,56.4,supported
improvements.issue_en,eye_contact,"Frequent gaze aversion occurred when gathering thoughts, such as around 20s-24s and 68s-74s.",around 20s,20.0,20.0,gaze,,,hybrid,pilot_05,150.03,supported
improvements.issue_en,hand_gesture,"Hands remained out of frame most of the time, and you touched your hair and face during hesitation (e.g., around 53s).",around 53s,53.0,53.0,hand,hands_hidden,,hybrid,pilot_05,150.03,supported
