audit_id,approach,verdict,topic,expected
A001,hybrid,supported,gaze,
A002,hybrid,supported,gaze,looking_away
A003,hybrid,supported,head,turned_up
A004,mllm,supported,gaze,looking_away
A005,mllm,unsupported,filler,
A006,mllm,supported,gaze,looking_away
A007,hybrid,supported,gaze,looking_away
A008,mllm,supported,gaze,looking_away
A009,hybrid,supported,gaze,looking_away
A010,mllm,unsupported,filler,
A011,mllm,supported,head,
A012,hybrid,supported,hand,hands_hidden
A013,hybrid,supported,hand,hands_hidden
A014,mllm,supported,head,
A015,mllm,supported,gaze,looking_away
A016,hybrid,supported,gaze,looking_away
A017,hybrid,supported,gaze,looking_away
