n,key,video,question,main_issue,second_issue,confidence (1-3),note
2,63bc6e03a6ee3b96041c5e7c_q2_generic,input/videos_archive/63bc6e03a6ee3b96041c5e7c_q2_generic.mp4,How would your best friend describe you?,,,,
3,5c92aa671ce0cd00128c6c86_q2_generic,input/videos_archive/5c92aa671ce0cd00128c6c86_q2_generic.mp4,How would your best friend describe you?,,,,
9,5dd5bde832699257cc9a2fef_q1_generic,input/videos_archive/5dd5bde832699257cc9a2fef_q1_generic.mp4,What would you consider among your greatest strengths and weaknesses as an employee?,,,,
10,60ca70f0bb3fef9c094682eb_q2_generic,input/videos_archive/60ca70f0bb3fef9c094682eb_q2_generic.mp4,How would your best friend describe you?,,,,
16,63b5cb851b4ecdfcf20e92bd_q2_generic,input/videos_archive/63b5cb851b4ecdfcf20e92bd_q2_generic.mp4,How would your best friend describe you?,,,,
22,55a44167fdf99b12b371c88c_q1_generic,input/videos_archive/55a44167fdf99b12b371c88c_q1_generic.mp4,What would you consider among your greatest strengths and weaknesses as an employee?,,,,
23,62d59a7b40c07da2c0a5b473_q2_generic,input/videos_archive/62d59a7b40c07da2c0a5b473_q2_generic.mp4,How would your best friend describe you?,,,,
27,62b9b95e108fbc4df78a2956_q1_generic,input/videos_archive/62b9b95e108fbc4df78a2956_q1_generic.mp4,What would you consider among your greatest strengths and weaknesses as an employee?,,,,
28,6330deabf9912c7e44d35a69_q1_generic,input/videos_archive/6330deabf9912c7e44d35a69_q1_generic.mp4,What would you consider among your greatest strengths and weaknesses as an employee?,,,,
30,60fde4a578cf2748430c899c_q1_generic,input/videos_archive/60fde4a578cf2748430c899c_q1_generic.mp4,What would you consider among your greatest strengths and weaknesses as an employee?,,,,
