key,event,planned,start_sec,end_sec,notes
own_01_q1,whole clip camera,camera 0-end,3,90,
own_02_q1,reading notes (looking down),~20-40,18,45,
own_03_q2,silent pause 1,~25 (4 s),26,28,
own_03_q2,silent pause 2,~50 (5 s),51,56,
own_04_q2,head turned left,~20 (3 s),17,32,
own_04_q2,head turned right,~45 (3 s),50,63,
own_05_q4,hands visible and gesturing,0-end,4,22,
own_06_q5,weak content (no example),whole clip,3,32,
own_07_q6,many fillers + fast speech,whole clip,3,57,
own_08_q1,no smiling,whole clip,3,70,
own_08_q1,touch face 1,~30 (2 s),23,51,
own_08_q1,touch face 2,~55 (2 s),55,57,
own_05_q4,hands visible and gesturing,,26,27,
own_05_q4,hands visible and gesturing,,28,33,
own_05_q4,hands visible and gesturing,,35,41,
own_05_q4,hands visible and gesturing,,49,53,
own_05_q4,hands visible and gesturing,,61,66,
own_05_q4,hands visible and gesturing,,71,72,
own_08_q1,touch face 3,,59,61,
