,std_weight
pr.silence_ratio,-0.04512059209361688
sp.word_count,0.0399480740239736
sp.speech_rate_wpm,0.03582678668434132
sp.articulation_wpm,0.03428985783833223
sp.filler_ratio,-0.03424592250198936
sp.speaking_sec,0.034198859810162394
sp.pause_count,0.030308435108769113
vis.head_pose.mean_pitch,-0.029643751231587842
vis.head_pose.pitch_range,-0.029411887999043013
sp.duration_sec,0.027864247306014195
vis.head_pose.pitch_std,-0.02431778546414604
sp.pause_max_sec,-0.023509671462489817
vis.facial_expression.brow_height_mean,0.021935953254293435
vis.head_pose.roll_std,-0.02074521910485872
sp.long_pause_count,-0.0194514201522837
vis.head_pose.mean_roll,-0.01687655257937775
vis.head_pose.mean_yaw,-0.015651993322988073
vis.gaze.eye_contact_ratio,-0.015378132755350103
vis.gaze.mean_iris_x,-0.014868327835115665
sp.filler_count,-0.01446636684492509
vis.hand_gesture.movement_speed_mean,0.012640825566086394
pr.hnr_mean_db,0.011685515713770623
vis.gaze.mean_iris_y,0.011383377565806322
pr.pitch_std_hz,-0.010988849551313327
vis.hand_gesture.hand_presence_ratio,0.01052265224841921
vis.hand_gesture.fidget_y,-0.010365484616707917
vis.gaze.gaze_stability_x,0.010130802026955276
vis.hand_gesture.movement_speed_std,0.009875968085164253
sp.pause_mean_sec,-0.009770688797621566
vis.facial_expression.eye_aspect_ratio_mean,0.008764079493077542
vis.facial_expression.mouth_width_ratio_std,0.007927982391667244
vis.facial_expression.mouth_width_ratio_mean,0.007376688220826755
vis.facial_expression.expressiveness,0.006648733045272592
vis.gaze.gaze_stability_y,-0.0058818009912787045
vis.hand_gesture.fidget_x,-0.005849994856667001
vis.facial_expression.mouth_aspect_ratio_std,0.005266759835901601
vis.facial_expression.smile_ratio,-0.004388730666570504
vis.facial_expression.mouth_aspect_ratio_mean,0.0036110539510415714
vis.facial_expression.brow_height_std,0.003401784951832576
pr.intensity_mean_db,0.0031608562194477517
sp.pause_total_sec,0.002612383034709477
pr.jitter_local,0.0022211915060488373
vis.head_pose.yaw_range,0.002043178200989199
vis.head_pose.yaw_std,0.000376757178060942
